range,column,x_start,x_end,y_start,y_end
1,1,-1.218612323,2.282210483,23.34809738,24.87852644
1,2,-1.220277534,2.280545194,21.81800052,23.34843959
1,3,-1.221942743,2.278879983,20.28790366,21.81834273
1,4,-1.223617953,2.277214773,18.7578067,20.28824586
1,5,-1.225283162,2.275549563,17.22770984,18.758149
1,6,-1.226948371,2.273884352,15.69761298,17.22805214
1,7,-1.228613584,2.272209144,14.16751612,15.69795519
1,8,-1.230278792,2.270543934,12.63741925,14.16785832
1,9,-1.231944004,2.268878724,11.10732239,12.63776146
1,10,-1.233609215,2.267213513,9.577225529,11.1076646
1,11,-1.235274425,2.265548302,8.047128667,9.577567735
1,12,-1.236939636,2.263883093,6.517031804,8.047470872
1,13,-1.238604926,2.262217882,4.986944955,6.51737401
1,14,-1.240270135,2.260552671,3.456848093,4.987277149
1,15,-1.241935344,2.258887462,1.92675123,3.457180285
1,16,-1.243600556,2.25722225,0.396654368,1.927083423
2,1,2.765427877,6.266250683,23.3484835,24.87891255
2,2,2.763762667,6.264585473,21.81838664,23.34881569
2,3,2.762097457,6.262920182,20.28828977,21.81872884
2,4,2.760432246,6.261254973,18.75819291,20.28863198
2,5,2.758767036,6.259589762,17.22809605,18.75853512
2,6,2.757101825,6.257924553,15.69799918,17.22843825
2,7,2.755426618,6.256259343,14.16790223,15.69834139
2,8,2.753761407,6.254594131,12.63780537,14.16824453
2,9,2.752096197,6.252928921,11.10770851,12.63814767
2,10,2.750430985,6.251253714,9.577611646,11.10805071
2,11,2.748765776,6.249588503,8.047514782,9.577953851
2,12,2.747100565,6.247923293,6.51741792,8.047856989
2,13,2.745435354,6.246258082,4.987321058,6.517760125
2,14,2.743770066,6.244592872,3.457234208,4.987663263
2,15,2.742104855,6.242927661,1.927137346,3.457566401
2,16,2.740439645,6.241262452,0.397040484,1.927469539
3,1,6.749468078,10.25029088,23.34886961,24.87929867
3,2,6.747802867,10.24862567,21.81877275,23.34920181
3,3,6.746137657,10.24696046,20.28867589,21.81910494
3,4,6.744472446,10.24529525,18.75857903,20.28900808
3,5,6.742807235,10.24362996,17.22848216,18.75892123
3,6,6.741142026,10.24196475,15.6983853,17.22882437
3,7,6.739476815,10.24029954,14.16828844,15.69872751
3,8,6.737811604,10.23863433,12.63819158,14.16863064
3,9,6.736146393,10.23696912,11.10809471,12.63853378
3,10,6.734471185,10.23530391,9.577997761,11.10843692
3,11,6.732805975,10.2336387,8.047900899,9.578340057
3,12,6.731140764,10.23196349,6.517804036,8.048243106
3,13,6.729475554,10.23029828,4.987707173,6.518146242
3,14,6.727810342,10.22863307,3.457610311,4.98804938
3,15,6.726145055,10.22696786,1.927523462,3.457952517
3,16,6.724479846,10.22530265,0.3974266,1.927855654
4,1,10.73350828,14.23434108,23.34925573,24.87968487
4,2,10.73184307,14.23267587,21.81915887,23.34958801
4,3,10.73017786,14.23100066,20.289062,21.81949106
4,4,10.72851265,14.22933545,18.75896514,20.2893942
4,5,10.72684744,14.22767024,17.22886828,18.75929733
4,6,10.72518222,14.22600495,15.69877142,17.22921048
4,7,10.72351702,14.22433974,14.16867455,15.69911362
4,8,10.7218518,14.22267453,12.63857769,14.16901676
4,9,10.72018659,14.22100932,11.10848083,12.6389199
4,10,10.71852138,14.21934411,9.578383967,11.10882304
4,11,10.71685617,14.2176789,8.048287105,9.578726173
4,12,10.71518096,14.21601369,6.518190152,8.048629311
4,13,10.71351575,14.21434848,4.988093289,6.518532448
4,14,10.71185054,14.21268327,3.457996427,4.988435585
4,15,10.71018533,14.21100806,1.927899564,3.458338632
4,16,10.70852012,14.20934285,0.397802702,1.92824177
5,1,14.71755847,18.21838128,23.34964193,24.88007099
5,2,14.71589326,18.21671607,21.81954507,23.34997413
5,3,14.71421806,18.21505086,20.28944812,21.81987726
5,4,14.71255285,18.21338565,18.75935126,20.2897804
5,5,14.71088764,18.21171044,17.22925439,18.75968345
5,6,14.70922242,18.21004523,15.69915753,17.22958659
5,7,14.70755722,18.20837994,14.16906067,15.69949974
5,8,14.705892,18.20671473,12.63896381,14.16940288
5,9,14.70422679,18.20504952,11.10886695,12.63930601
5,10,14.70256158,18.20338431,9.578770082,11.10920915
5,11,14.70089637,18.2017191,8.04867322,9.579112288
5,12,14.69923116,18.20005389,6.518576357,8.049015426
5,13,14.69756595,18.19838868,4.988479495,6.518918563
5,14,14.69590074,18.19672347,3.458382632,4.988821701
5,15,14.69422553,18.19505826,1.92828568,3.458724839
5,16,14.69256032,18.19339305,0.398188818,1.928627976
6,1,18.70159868,22.20242148,23.35002805,24.88045711
6,2,18.69993347,22.20075627,21.81993119,23.35036024
6,3,18.69826825,22.19909106,20.28983433,21.82026338
6,4,18.69660304,22.19742585,18.75973746,20.29016652
6,5,18.69492784,22.19576064,17.22964051,18.76006966
6,6,18.69326263,22.19409543,15.69954365,17.22997279
6,7,18.69159741,22.19243022,14.16944679,15.69987593
6,8,18.68993221,22.19075501,12.63934992,14.16977898
6,9,18.68826699,22.18908972,11.10925306,12.63969213
6,10,18.68660178,22.18742451,9.579156198,11.10959527
6,11,18.68493657,22.1857593,8.049059336,9.579498404
6,12,18.68327136,22.18409409,6.518962474,8.049401541
6,13,18.68160615,22.18242888,4.988865611,6.51930468
6,14,18.67994094,22.18076367,3.458768749,4.989207817
6,15,18.67827573,22.17909846,1.928671885,3.459110954
6,16,18.67661052,22.17743325,0.398575023,1.929014092
7,1,22.68563895,26.18646168,23.35040415,24.88084322
7,2,22.68397367,26.18479647,21.8203173,23.35074636
7,3,22.68230845,26.18313126,20.29022044,21.8206495
7,4,22.68064324,26.18146605,18.76012358,20.29055263
7,5,22.67897803,26.17980084,17.23002672,18.76045577
7,6,22.67731282,26.17813563,15.69992985,17.23035891
7,7,22.67564761,26.17647042,14.16983299,15.70026205
7,8,22.6739724,26.17480521,12.63973604,14.17016518
7,9,22.67230719,26.17314,11.10963918,12.64006832
7,10,22.67064198,26.17146471,9.579542314,11.10998138
7,11,22.66897677,26.1697995,8.049445451,9.579884521
7,12,22.66731156,26.16813429,6.519348589,8.049787657
7,13,22.66564635,26.16646908,4.989251726,6.519690795
7,14,22.66398114,26.16480387,3.459154864,4.989593932
7,15,22.66231593,26.16313866,1.929058002,3.45949707
7,16,22.66065072,26.16147345,0.398961139,1.929400208
8,1,26.66967915,30.17050188,23.35079027,24.88122934
8,2,26.66801394,30.16883667,21.82069341,23.35113247
8,3,26.66634873,30.16717146,20.29059654,21.82103561
8,4,26.66468344,30.16550625,18.7605097,20.29093875
8,5,26.66301823,30.16384104,17.23041283,18.76084189
8,6,26.66135302,30.16217583,15.70031597,17.23074503
8,7,26.65968781,30.16051062,14.17021911,15.70064816
8,8,26.6580226,30.15884541,12.64012224,14.1705513
8,9,26.65635739,30.1571802,11.11002538,12.64045444
8,10,26.65468218,30.15551499,9.57992843,11.11035758
8,11,26.65301697,30.15384978,8.049831567,9.580260713
8,12,26.65135176,30.15218449,6.519734704,8.050173863
8,13,26.64968655,30.15050928,4.989637841,6.520076911
8,14,26.64802134,30.14884407,3.45954098,4.989980048
8,15,26.64635613,30.14717886,1.929444118,3.459883185
8,16,26.64469092,30.14551365,0.399347255,1.929786323
9,1,30.65371935,34.15455208,23.35117638,24.88161554
9,2,30.65205414,34.15288687,21.82107952,23.35151868
9,3,30.65038893,34.15121166,20.29098266,21.82142173
9,4,30.64872372,34.14954645,18.7608858,20.29132487
9,5,30.64705843,34.14788124,17.23079895,18.761228
9,6,30.64539322,34.14621603,15.70070209,17.23113114
9,7,30.64372801,34.14455082,14.17060522,15.70103428
9,8,30.6420628,34.14288561,12.64050836,14.17093742
9,9,30.64039759,34.1412204,11.1104115,12.64084055
9,10,30.63873238,34.13955519,9.580314635,11.11074369
9,11,30.63706717,34.13788998,8.050217773,9.580646828
9,12,30.63540196,34.13622477,6.520120912,8.050549965
9,13,30.63372675,34.13455948,4.990023959,6.520463116
9,14,30.63206154,34.13289427,3.459927097,4.990366254
9,15,30.63039633,34.13122906,1.929830233,3.460269392
9,16,30.62873112,34.12955385,0.399733371,1.930172439
10,1,34.63776955,38.13859228,23.35156259,24.88200166
10,2,34.63610434,38.13692707,21.82146573,23.3519048
10,3,34.63442913,38.13526186,20.29136877,21.82180793
10,4,34.63276392,38.13359665,18.76127191,20.29171107
10,5,34.63109871,38.13193144,17.23117505,18.76161421
10,6,34.62943342,38.13025623,15.7010882,17.23151726
10,7,34.62776821,38.12859102,14.17099134,15.70142039
10,8,34.626103,38.12692581,12.64089448,14.17132353
10,9,34.62443779,38.1252606,11.11079761,12.64122667
10,10,34.62277258,38.12359539,9.580700751,11.11112981
10,11,34.62110737,38.12193018,8.050603889,9.581032945
10,12,34.61944216,38.12026497,6.520507027,8.050936081
10,13,34.61777695,38.11859975,4.990410164,6.520839219
10,14,34.61611174,38.11693447,3.460313302,4.99075237
10,15,34.61444653,38.11526926,1.930216439,3.460655507
10,16,34.61277132,38.11360405,0.400119487,1.930558645
11,1,38.62180975,42.12263248,23.35194871,24.88238777
11,2,38.62014454,42.12096727,21.82185184,23.35229091
11,3,38.61847933,42.11930206,20.29175498,21.82219405
11,4,38.61681412,42.11763685,18.76165812,20.29209719
11,5,38.61514891,42.11597164,17.23156126,18.76200033
11,6,38.6134737,42.11430643,15.7014643,17.23190346
11,7,38.61180849,42.11264122,14.17136744,15.7018066
11,8,38.6101432,42.110976,12.64128059,14.17170974
11,9,38.60847799,42.1093008,11.11118373,12.64161278
11,10,38.60681278,42.10763559,9.581086868,11.11151592
11,11,38.60514757,42.10597038,8.050990005,9.58141906
11,12,38.60348236,42.10430517,6.520893142,8.051322198
11,13,38.60181715,42.10263996,4.990796279,6.521225335
11,14,38.60015194,42.10097475,3.460699417,4.991128472
11,15,38.59848673,42.09930954,1.930602555,3.46103161
11,16,38.59682152,42.09764425,0.400505692,1.93094476
12,1,42.60584995,46.10667268,23.35233482,24.88277389
12,2,42.60418474,46.10500747,21.82223796,23.35267703
12,3,42.60251953,46.10334226,20.2921411,21.82258017
12,4,42.60085432,46.10167705,18.76204423,20.2924833
12,5,42.59918911,46.10001184,17.23194737,18.76238644
12,6,42.5975239,46.09834663,15.70185051,17.23228958
12,7,42.59585869,46.09668142,14.17175365,15.70219271
12,8,42.59419348,46.09501621,12.64165678,14.17209585
12,9,42.59251819,46.093351,11.11156985,12.64199899
12,10,42.59085298,46.09168578,9.581472982,11.11190213
12,11,42.58918777,46.09001058,8.051376121,9.581805176
12,12,42.58752256,46.08834537,6.521279258,8.051708312
12,13,42.58585735,46.08668016,4.991182396,6.521611451
12,14,42.58419214,46.08501495,3.461085533,4.991514589
12,15,42.58252693,46.08334974,1.930988671,3.461417726
12,16,42.58086172,46.08168452,0.400891808,1.931320862
13,1,46.58989015,50.09072288,23.35272094,24.8831601
13,2,46.58822494,50.08904767,21.82262408,23.35306314
13,3,46.58655973,50.08738246,20.29252721,21.82296628
13,4,46.58489452,50.08571725,18.76243035,20.29286942
13,5,46.58322931,50.08405204,17.23233349,18.76277256
13,6,46.5815641,50.08238683,15.70223663,17.23267569
13,7,46.57989889,50.08072162,14.17213976,15.70257883
13,8,46.57823368,50.07905641,12.6420429,14.17248197
13,9,46.57656847,50.0773912,11.11194604,12.64238511
13,10,46.57490318,50.07572598,9.581859189,11.11228824
13,11,46.57322797,50.07406078,8.051762237,9.582191381
13,12,46.57156276,50.07239556,6.521665374,8.052094518
13,13,46.56989755,50.07073035,4.991568511,6.521997656
13,14,46.56823234,50.06905514,3.461471648,4.991900704
13,15,46.56656713,50.06738994,1.931374787,3.461803841
13,16,46.56490192,50.06572472,0.401277924,1.931706979
14,1,50.57394035,54.07476308,23.35310714,24.88354621
14,2,50.57226514,54.07309787,21.82301019,23.35344935
14,3,50.57059993,54.07143266,20.29291333,21.82335249
14,4,50.56893472,54.06975745,18.76281647,20.29325553
14,5,50.56726951,54.06809224,17.2327196,18.76315867
14,6,50.5656043,54.06642703,15.70262274,17.23306181
14,7,50.56393909,54.06476182,14.17252588,15.70296495
14,8,50.56227388,54.06309661,12.64242902,14.17286808
14,9,50.56060867,54.0614314,11.11233215,12.64277122
14,10,50.55894346,54.05976619,9.582235292,11.11267436
14,11,50.55727825,54.05810098,8.052138429,9.582577497
14,12,50.55561296,54.05643576,6.52205158,8.052480635
14,13,50.55394775,54.05477055,4.991954717,6.522383772
14,14,50.55227254,54.05310534,3.461857765,4.99228691
14,15,50.55060733,54.05144013,1.931760902,3.462190048
14,16,50.54894212,54.04976493,0.401664039,1.932093094
15,1,54.55798055,58.05880336,23.35349326,24.88392231
15,2,54.55631534,58.05713807,21.8233964,23.35383547
15,3,54.55465013,58.05547286,20.29329953,21.8237386
15,4,54.55297492,58.05380765,18.76320258,20.29364174
15,5,54.55130971,58.05214243,17.23310572,18.76354488
15,6,54.5496445,58.05047723,15.70300886,17.23344802
15,7,54.54797929,58.04880202,14.17291199,15.70335106
15,8,54.54631408,58.04713681,12.64281513,14.1732542
15,9,54.54464887,58.04547159,11.11271827,12.64315734
15,10,54.54298366,58.04380639,9.582621407,11.11306048
15,11,54.54131845,58.04214118,8.052524545,9.582963613
15,12,54.53965324,58.04047597,6.522427683,8.05286675
15,13,54.53798795,58.03881076,4.992340833,6.522769888
15,14,54.53632274,58.03714554,3.46224397,4.992673026
15,15,54.53465753,58.03548033,1.932147108,3.462576163
15,16,54.53298232,58.03381512,0.402050155,1.932479301
16,1,58.54202075,62.04284355,23.35387938,24.88430843
16,2,58.54035554,62.04117835,21.82378251,23.35421157
16,3,58.53869033,62.03951314,20.29368565,21.82411471
16,4,58.53702512,62.03784785,18.76358879,20.29402786
16,5,58.53535991,62.03618264,17.23349193,18.76393099
16,6,58.5336947,62.03451743,15.70339506,17.23383413
16,7,58.53201949,62.03285221,14.17329811,15.70373727
16,8,58.53035428,62.03118701,12.64320125,14.17364041
16,9,58.52868907,62.0295118,11.11310439,12.64354345
16,10,58.52702386,62.02784659,9.583007523,11.11344659
16,11,58.52535865,62.02618138,8.05291066,9.583349729
16,12,58.52369344,62.02451617,6.522813798,8.053252866
16,13,58.52202823,62.02285095,4.992716934,6.523156003
16,14,58.52036302,62.02118574,3.462620073,4.993059142
16,15,58.51869773,62.01952053,1.932533224,3.462962279
16,16,58.51703252,62.01785532,0.402436361,1.932865418
17,1,62.52606095,66.02688376,23.35426549,24.88469455
17,2,62.52439574,66.02521854,21.82416863,23.35459768
17,3,62.52273053,66.02355334,20.29407177,21.82450082
17,4,62.52106532,66.02188813,18.7639749,20.29440396
17,5,62.51940011,66.02022284,17.23387804,18.76431711
17,6,62.5177349,66.01855763,15.70378118,17.23422025
17,7,62.51606969,66.01689241,14.17368432,15.70412339
17,8,62.51440448,66.0152272,12.64358745,14.17402652
17,9,62.51272927,66.01356199,11.1134905,12.64392966
17,10,62.51106406,66.01189678,9.583393638,11.1138328
17,11,62.50939885,66.01023157,8.053296777,9.583735935
17,12,62.50773364,66.00855636,6.523199914,8.053638981
17,13,62.50606843,66.00689116,4.993103051,6.52354212
17,14,62.50440322,66.00522595,3.463006189,4.993445258
17,15,62.50273801,66.00356073,1.932909326,3.463348395
17,16,62.50107272,66.00189552,0.402822477,1.933251532
18,1,66.51010115,70.01093395,23.35465161,24.88508075
18,2,66.50843594,70.00926874,21.82455474,23.35498389
18,3,66.50677073,70.00759353,20.29445788,21.82488694
18,4,66.50510552,70.00592832,18.76436102,20.29479007
18,5,66.50344031,70.00426311,17.23426416,18.76469321
18,6,66.5017751,70.00259782,15.70416729,17.23460636
18,7,66.50010989,70.00093262,14.17407043,15.7045095
18,8,66.49844468,69.9992674,12.64397357,14.17441264
18,9,66.49677947,69.99760219,11.11387671,12.64431578
18,10,66.49511426,69.99593698,9.583779844,11.11421891
18,11,66.49344905,69.99427177,8.053682982,9.584122051
18,12,66.49177384,69.99260656,6.52358603,8.054025188
18,13,66.49010863,69.99094135,4.993489167,6.523928326
18,14,66.48844342,69.98927614,3.463392305,4.993831463
18,15,66.48677821,69.98760093,1.93329544,3.46373451
18,16,66.485113,69.98593572,0.40319858,1.933637648
19,1,70.49415135,73.99497415,23.35503781,24.88546687
19,2,70.49247614,73.99330894,21.82494086,23.35537001
19,3,70.49081093,73.99164373,20.294844,21.82527314
19,4,70.48914572,73.98997852,18.76474713,20.29517628
19,5,70.48748051,73.98830331,17.23465027,18.76507933
19,6,70.4858153,73.9866381,15.70455341,17.23498246
19,7,70.48415009,73.98497289,14.17445655,15.7048856
19,8,70.48248488,73.9833076,12.64435969,14.17479875
19,9,70.48081967,73.9816424,11.11426282,12.64470189
19,10,70.47915446,73.97997718,9.584165961,11.11460503
19,11,70.47748925,73.97831197,8.054069098,9.584508166
19,12,70.47582403,73.97664676,6.523972235,8.054411304
19,13,70.47415883,73.97498155,4.993875373,6.524314441
19,14,70.47249361,73.97331634,3.463778509,4.994217579
19,15,70.47081841,73.97165113,1.933681558,3.464120717
19,16,70.4691532,73.96998592,0.403584696,1.934023854
20,1,74.47819155,77.97901435,23.35542393,24.88585298
20,2,74.47652634,77.97734914,21.82532707,23.35575612
20,3,74.47486113,77.97568393,20.2952302,21.82565926
20,4,74.47319592,77.97401872,18.76513334,20.2955624
20,5,74.47152071,77.97235351,17.23503639,18.76546553
20,6,74.4698555,77.9706883,15.70493953,17.23536867
20,7,74.46819029,77.96902309,14.17484266,15.70527181
20,8,74.46652508,77.96734788,12.6447458,14.17517486
20,9,74.46485987,77.96568259,11.11464894,12.64508801
20,10,74.46319466,77.96401738,9.584552077,11.11499114
20,11,74.46152944,77.96235217,8.054455215,9.584894283
20,12,74.45986424,77.96068696,6.524358351,8.05479742
20,13,74.45819903,77.95902175,4.994261489,6.524700557
20,14,74.45653381,77.95735654,3.464164626,4.994603695
20,15,74.45486861,77.95569133,1.934067764,3.464506832
20,16,74.45320339,77.95402612,0.403970901,1.93440997
21,1,78.46223183,81.96305455,23.35580003,24.8862391
21,2,78.46056662,81.96138934,21.82570317,23.35614224
21,3,78.45890133,81.95972413,20.29561632,21.82604537
21,4,78.45723612,81.95805892,18.76551946,20.29594851
21,5,78.45557091,81.95639371,17.23542259,18.76585165
21,6,78.4539057,81.9547285,15.70532573,17.23575479
21,7,78.45224049,81.95306329,14.17522887,15.70565792
21,8,78.45056528,81.95139808,12.64513192,14.17556106
21,9,78.44890007,81.94973287,11.11503505,12.6454642
21,10,78.44723486,81.94805766,9.584938191,11.11536725
21,11,78.44556965,81.94639237,8.05484133,9.585280398
21,12,78.44390444,81.94472716,6.524744466,8.055183536
21,13,78.44223922,81.94306195,4.994647605,6.525086673
21,14,78.44057402,81.94139674,3.464550741,4.99498981
21,15,78.4389088,81.93973153,1.934453879,3.464892947
21,16,78.43724359,81.93806632,0.404357016,1.934796085
22,1,82.44627203,85.94709475,23.35618615,24.88662521
22,2,82.44460682,85.94542954,21.82608928,23.35652835
22,3,82.44294161,85.94376433,20.29599242,21.82643149
22,4,82.44127632,85.94209912,18.76590557,20.29633463
22,5,82.43961111,85.94043391,17.23580871,18.76623777
22,6,82.4379459,85.9387687,15.70571185,17.2361409
22,7,82.43628069,85.93710349,14.17561499,15.70604404
22,8,82.43461548,85.93543828,12.64551812,14.17594718
22,9,82.43295026,85.93377307,11.11542126,12.64585031
22,10,82.43127506,85.93210786,9.585324307,11.11575345
22,11,82.42960985,85.93044265,8.055227445,9.58565659
22,12,82.42794464,85.92877736,6.525130584,8.055569741
22,13,82.42627943,85.92710215,4.99503372,6.525472788
22,14,82.42461422,85.92543694,3.464936857,4.995375926
22,15,82.42294901,85.92377173,1.934839995,3.465279064
22,16,82.4212838,85.92210652,0.404743132,1.935182202
23,1,86.43031223,89.93114495,23.35657226,24.88701142
23,2,86.42864702,89.92947974,21.8264754,23.35691456
23,3,86.42698181,89.92780453,20.29637854,21.82681761
23,4,86.4253166,89.92613932,18.76628168,20.29672074
23,5,86.42365131,89.92447411,17.23619483,18.76662388
23,6,86.4219861,89.9228089,15.70609796,17.23652702
23,7,86.42032089,89.92114369,14.1760011,15.70643016
23,8,86.41865568,89.91947848,12.64590424,14.17633329
23,9,86.41699046,89.91781327,11.11580737,12.64623643
23,10,86.41532525,89.91614806,9.585710513,11.11613957
23,11,86.41366004,89.91448285,8.055613651,9.586042706
23,12,86.41199483,89.91281764,6.525516788,8.055945843
23,13,86.41031963,89.91115235,4.995419836,6.525858994
23,14,86.40865442,89.90948714,3.465322973,4.995762131
23,15,86.40698921,89.90781193,1.93522611,3.465665178
23,16,86.40532399,89.90614672,0.405129248,1.935568317
24,1,90.41436242,93.91518515,23.35695847,24.88739754
24,2,90.41269721,93.91351994,21.82686161,23.35730067
24,3,90.41102201,93.91185473,20.29676465,21.82720381
24,4,90.4093568,93.91018952,18.76666779,20.29710695
24,5,90.40769159,93.90852431,17.23657093,18.76701009
24,6,90.40602638,93.9068491,15.70647407,17.23691313
24,7,90.40436109,93.90518389,14.17638722,15.70681627
24,8,90.40269588,93.90351868,12.64629035,14.17671941
24,9,90.40103067,93.90185347,11.11619349,12.64662255
24,10,90.39936545,93.90018826,9.586096629,11.11652568
24,11,90.39770024,93.89852305,8.055999767,9.586428822
24,12,90.39603503,93.89685784,6.525902904,8.05633196
24,13,90.39436982,93.89519263,4.995806041,6.526235097
24,14,90.39270461,93.89352742,3.46570918,4.996138235
24,15,90.3910294,93.89186213,1.935612227,3.466051385
24,16,90.3893642,93.89019692,0.405515364,1.935954523
25,1,94.39840263,97.89922535,23.35734458,24.88778365
25,2,94.39673741,97.89756014,21.82724772,23.35768679
25,3,94.3950722,97.89589493,20.29715086,21.82758993
25,4,94.39340699,97.89422972,18.767054,20.29749306
25,5,94.39174178,97.89256451,17.23695713,18.7673962
25,6,94.39006657,97.8908993,15.70686018,17.23729934
25,7,94.38840136,97.88923409,14.17676332,15.70720248
25,8,94.38673607,97.88756888,12.64667647,14.17710561
25,9,94.38507086,97.88589367,11.11657961,12.64700866
25,10,94.38340566,97.88422846,9.586482745,11.1169118
25,11,94.38174045,97.88256325,8.056385883,9.586814937
25,12,94.38007524,97.88089804,6.526289019,8.056718075
25,13,94.37841002,97.87923283,4.996192157,6.526621213
25,14,94.37674481,97.87756762,3.466095295,4.99652435
25,15,94.3750796,97.87590241,1.935998433,3.466427488
25,16,94.37341439,97.87423712,0.40590157,1.936340639
26,1,98.38244282,101.8832656,23.3577307,24.88816977
26,2,98.38077761,101.8816003,21.82763384,23.35807291
26,3,98.3791124,101.8799351,20.29753698,21.82797604
26,4,98.37744719,101.8782699,18.76744011,20.29787918
26,5,98.37578198,101.8766047,17.23734325,18.76778232
26,6,98.37411677,101.8749395,15.70724639,17.23768546
26,7,98.37245156,101.8732743,14.17714953,15.70758859
26,8,98.37077635,101.8716091,12.64705257,14.17749173
26,9,98.36911107,101.8699439,11.11696572,12.64739487
26,10,98.36744586,101.8682787,9.586868861,11.11729801
26,11,98.36578064,101.8666035,8.056771999,9.587201054
26,12,98.36411543,101.8649382,6.526675136,8.057104191
26,13,98.36245022,101.863273,4.996578274,6.527007329
26,14,98.36078501,101.8616078,3.466481411,4.996910466
26,15,98.3591198,101.8599426,1.936384549,3.466813603
26,16,98.35745459,101.8582774,0.406287686,1.936716742
27,1,102.366483,105.8673157,23.35811682,24.88855597
27,2,102.3648178,105.8656405,21.82801995,23.35845902
27,3,102.3631526,105.8639753,20.29792309,21.82836216
27,4,102.3614874,105.8623101,18.76782623,20.2982653
27,5,102.3598222,105.8606449,17.23772937,18.76816843
27,6,102.358157,105.8589797,15.7076325,17.23807157
27,7,102.3564918,105.8573145,14.17753564,15.70797471
27,8,102.3548266,105.8556493,12.64743878,14.17787785
27,9,102.3531613,105.8539841,11.11734192,12.64778098
27,10,102.3514961,105.8523189,9.587245053,11.11768412
27,11,102.3498208,105.8506536,8.057158114,9.587587259
27,12,102.3481556,105.8489884,6.527061252,8.057490395
27,13,102.3464904,105.8473232,4.996964389,6.527393534
27,14,102.3448252,105.845648,3.466867526,4.997296581
27,15,102.34316,105.8439828,1.936770664,3.467199719
27,16,102.3414948,105.8423176,0.406673801,1.937102856
28,1,106.3505332,109.851356,23.35850302,24.88894209
28,2,106.348858,109.8496907,21.82840607,23.35884523
28,3,106.3471928,109.8480255,20.29830921,21.82874836
28,4,106.3455276,109.8463503,18.76821234,20.29865141
28,5,106.3438624,109.8446851,17.23811548,18.76855455
28,6,106.3421972,109.8430199,15.70801862,17.23845769
28,7,106.340532,109.8413547,14.17792176,15.70836082
28,8,106.3388668,109.8396895,12.64782489,14.17826396
28,9,106.3372015,109.8380243,11.11772803,12.6481671
28,10,106.3355363,109.8363591,9.587631169,11.11807024
28,11,106.3338711,109.8346938,8.057534307,9.587973375
28,12,106.3322058,109.8330286,6.527447458,8.057876513
28,13,106.3305406,109.8313634,4.997350595,6.52777965
28,14,106.3288654,109.8296982,3.467253642,4.997682787
28,15,106.3272002,109.828033,1.93715678,3.467585925
28,16,106.325535,109.8263578,0.407059917,1.937488972
29,1,110.3345734,113.8353962,23.35888914,24.88931819
29,2,110.3329082,113.833731,21.82879227,23.35922133
29,3,110.331243,113.8320657,20.29869541,21.82913448
29,4,110.3295678,113.8304005,18.76859846,20.29903762
29,5,110.3279026,113.8287353,17.2385016,18.76894076
29,6,110.3262374,113.8270701,15.70840473,17.23884389
29,7,110.3245722,113.8253949,14.17830787,15.70874694
29,8,110.322907,113.8237297,12.64821101,14.17865008
29,9,110.3212417,113.8220645,11.11811415,12.64855322
29,10,110.3195765,113.8203993,9.588017285,11.11845635
29,11,110.3179113,113.818734,8.057920423,9.58835949
29,12,110.3162461,113.8170688,6.52782356,8.058262628
29,13,110.3145809,113.8154036,4.997726697,6.528165766
29,14,110.3129156,113.8137384,3.467639847,4.998068903
29,15,110.3112504,113.8120732,1.937542985,3.467972041
29,16,110.3095752,113.810408,0.407446033,1.937875178
30,1,114.3186136,117.8194364,23.35927525,24.88970431
30,2,114.3169484,117.8177712,21.82917839,23.35960745
30,3,114.3152832,117.816106,20.29908153,21.82951058
30,4,114.313618,117.8144407,18.76898467,20.29942373
30,5,114.3119528,117.8127755,17.2388878,18.76932687
30,6,114.3102876,117.8111103,15.70879094,17.23923001
30,7,114.3086124,117.8094451,14.17869399,15.70913315
30,8,114.3069472,117.8077799,12.64859713,14.17903628
30,9,114.3052819,117.8061047,11.11850026,12.64893933
30,10,114.3036167,117.8044395,9.5884034,11.11884247
30,11,114.3019515,117.8027742,8.058306538,9.588745607
30,12,114.3002863,117.801109,6.528209676,8.058648743
30,13,114.2986211,117.7994438,4.998112812,6.528551882
30,14,114.2969559,117.7977786,3.46801595,4.998455019
30,15,114.2952906,117.7961134,1.937929101,3.468358156
30,16,114.2936254,117.7944482,0.407832239,1.938261294
31,1,118.3026538,121.8034766,23.35966137,24.89009042
31,2,118.3009886,121.8018114,21.82956451,23.35999356
31,3,118.2993234,121.8001462,20.29946764,21.8298967
31,4,118.2976582,121.798481,18.76937078,20.29979984
31,5,118.295993,121.7968158,17.23927392,18.76970297
31,6,118.2943278,121.7951505,15.70917706,17.23961612
31,7,118.2926626,121.7934853,14.17908019,15.70951926
31,8,118.2909974,121.7918201,12.64898333,14.1794224
31,9,118.2893221,121.7901549,11.11888638,12.64932554
31,10,118.2876569,121.7884897,9.588789517,11.11922867
31,11,118.2859917,121.7868244,8.058692654,9.589131812
31,12,118.2843265,121.7851492,6.528595791,8.05903486
31,13,118.2826613,121.783484,4.998498929,6.528937997
31,14,118.2809961,121.7818188,3.468402066,4.998841135
31,15,118.2793309,121.7801536,1.938305204,3.468744272
31,16,118.2776656,121.7784884,0.408218355,1.938647408
32,1,122.286694,125.7875268,23.36004748,24.89047663
32,2,122.2850288,125.7858516,21.82995062,23.36037968
32,3,122.2833636,125.7841864,20.29985376,21.83028281
32,4,122.2816984,125.7825212,18.7697569,20.30018595
32,5,122.2800332,125.780856,17.23966003,18.77008909
32,6,122.278368,125.7791908,15.70956317,17.23999223
32,7,122.2767028,125.7775255,14.17946631,15.70990538
32,8,122.2750376,125.7758603,12.64936945,14.17980852
32,9,122.2733723,125.7741951,11.11927258,12.64971165
32,10,122.2717071,125.7725299,9.589175722,11.11961479
32,11,122.2700419,125.7708646,8.059078859,9.589517928
32,12,122.2683667,125.7691994,6.528981907,8.059421066
32,13,122.2667015,125.7675342,4.998885045,6.529324202
32,14,122.2650363,125.765869,3.468788182,4.999227339
32,15,122.2633711,125.7641938,1.93869132,3.469130387
32,16,122.2617059,125.7625286,0.408594457,1.939033526
33,1,126.2707442,129.771567,23.36043369,24.89086275
33,2,126.269069,129.7699018,21.83033674,23.36076588
33,3,126.2674038,129.7682366,20.30023987,21.83066902
33,4,126.2657386,129.7665714,18.77014301,20.30057216
33,5,126.2640734,129.7648962,17.24004615,18.77047521
33,6,126.2624082,129.763231,15.70994929,17.24037834
33,7,126.260743,129.7615658,14.17985243,15.71028148
33,8,126.2590778,129.7599005,12.64975556,14.18019463
33,9,126.2574125,129.7582353,11.1196587,12.65009777
33,10,126.2557473,129.7565701,9.589561838,11.12000091
33,11,126.2540821,129.7549048,8.059464976,9.589904044
33,12,126.2524169,129.7532396,6.529368113,8.059807181
33,13,126.2507517,129.7515744,4.999271251,6.529710319
33,14,126.2490765,129.7499092,3.469174298,4.999613455
33,15,126.2474113,129.748244,1.939077435,3.469516593
33,16,126.2457461,129.7465788,0.408980573,1.939419731
34,1,130.2547845,133.7556072,23.36080979,24.89124886
34,2,130.2531192,133.753942,21.83072294,23.361152
34,3,130.251454,133.7522768,20.30062608,21.83105514
34,4,130.2497888,133.7506116,18.77052922,20.30095827
34,5,130.2481136,133.7489464,17.24043227,18.77086141
34,6,130.2464484,133.7472812,15.7103354,17.24076455
34,7,130.2447832,133.745616,14.18023854,15.71066769
34,8,130.243118,133.7439408,12.65014168,14.18057073
34,9,130.2414527,133.7422755,11.12004482,12.65047387
34,10,130.2397875,133.7406103,9.589947954,11.12038702
34,11,130.2381223,133.738945,8.059851091,9.590290159
34,12,130.2364571,133.7372798,6.529754228,8.060193297
34,13,130.2347919,133.7356146,4.999657366,6.530096434
34,14,130.2331267,133.7339494,3.469560503,4.999999572
34,15,130.2314615,133.7322842,1.93946364,3.469902709
34,16,130.2297963,133.730619,0.409366778,1.939805847
35,1,134.2388247,137.7396474,23.36119591,24.89163498
35,2,134.2371595,137.7379822,21.83109905,23.36153811
35,3,134.2354942,137.736317,20.3010122,21.83144125
35,4,134.233829,137.7346518,18.77091533,20.30134439
35,5,134.2321638,137.7329866,17.24081847,18.77124753
35,6,134.2304986,137.7313214,15.71072161,17.24115066
35,7,134.2288334,137.7296562,14.18062475,15.7110538
35,8,134.2271582,137.727991,12.65052779,14.18095694
35,9,134.2254929,137.7263257,11.12043093,12.65086008
35,10,134.2238277,137.7246505,9.590334069,11.12076312
35,11,134.2221625,137.7229852,8.060237207,9.590676275
35,12,134.2204973,137.72132,6.530140343,8.060579413
35,13,134.2188321,137.7196548,5.000043481,6.530482551
35,14,134.2171669,137.7179896,3.46994662,5.000385688
35,15,134.2155017,137.7163244,1.939849757,3.470288825
35,16,134.2138365,137.7146592,0.409752894,1.940191962
36,1,138.2228649,141.7236876,23.36158202,24.89202109
36,2,138.2211997,141.7220224,21.83148516,23.36192423
36,3,138.2195345,141.7203572,20.3013883,21.83182737
36,4,138.2178692,141.718692,18.77130145,20.3017305
36,5,138.216204,141.7170268,17.24120459,18.77163364
36,6,138.2145388,141.7153616,15.71110772,17.24153678
36,7,138.2128736,141.7136964,14.18101086,15.71143992
36,8,138.2112083,141.7120312,12.650914,14.18134306
36,9,138.2095431,141.7103659,11.12081714,12.65124619
36,10,138.2078679,141.7087007,9.590720185,11.12114933
36,11,138.2062027,141.7070355,8.060623321,9.591052468
36,12,138.2045375,141.7053702,6.53052646,8.060965619
36,13,138.2028723,141.703695,5.000429596,6.530868666
36,14,138.2012071,141.7020298,3.470332735,5.000771803
36,15,138.1995419,141.7003646,1.940235873,3.470674941
36,16,138.1978767,141.6986994,0.410139011,1.940578079
37,1,142.2069051,145.7077378,23.36196814,24.8924073
37,2,142.2052399,145.7060726,21.83187128,23.36231044
37,3,142.2035747,145.7043974,20.30177441,21.83221348
37,4,142.2019095,145.7027322,18.77167755,20.30211662
37,5,142.2002443,145.701067,17.24158069,18.77201976
37,6,142.198579,145.6994018,15.71149384,17.2419229
37,7,142.1969138,145.6977366,14.18139698,15.71182603
37,8,142.1952485,145.6960714,12.65130012,14.18172917
37,9,142.1935833,145.6944061,11.12120325,12.65163231
37,10,142.1919181,145.6927409,9.591106391,11.12153545
37,11,142.1902529,145.6910757,8.061009527,9.591438583
37,12,142.1885877,145.6894105,6.530912667,8.061341721
37,13,142.1869125,145.6877453,5.000815713,6.531244859
37,14,142.1852473,145.68608,3.470718851,5.00115801
37,15,142.1835821,145.6844048,1.940621988,3.471061057
37,16,142.1819169,145.6827396,0.410525126,1.940964194
38,1,146.1909553,149.691778,23.36235435,24.89279341
38,2,146.1892901,149.6901128,21.83225748,23.36269655
38,3,146.1876149,149.6884476,20.30216053,21.83259969
38,4,146.1859497,149.6867824,18.77206367,20.30250283
38,5,146.1842845,149.6851172,17.24196681,18.77240596
38,6,146.1826192,149.683442,15.71186994,17.24230901
38,7,146.180954,149.6817768,14.18178309,15.71221215
38,8,146.1792887,149.6801116,12.65168623,14.18211529
38,9,146.1776235,149.6784463,11.12158937,12.65201842
38,10,146.1759583,149.6767811,9.591492506,11.12192156
38,11,146.1742931,149.6751159,8.061395645,9.591824699
38,12,146.1726279,149.6734507,6.531298781,8.061727837
38,13,146.1709627,149.6717855,5.001201919,6.531630974
38,14,146.1692975,149.6701203,3.471105055,5.001534112
38,15,146.1676223,149.668455,1.941008104,3.471447263
38,16,146.1659571,149.6667898,0.410911241,1.9413504
39,1,150.1749955,153.6758182,23.36274046,24.89317953
39,2,150.1733303,153.674153,21.8326436,23.36308267
39,3,150.1716651,153.6724878,20.30254674,21.83298581
39,4,150.1699999,153.6708226,18.77244987,20.30288894
39,5,150.1683347,153.6691574,17.24235301,18.77279208
39,6,150.1666594,153.6674922,15.71225606,17.24269522
39,7,150.1649942,153.665827,14.1821592,15.71259836
39,8,150.163329,153.6641518,12.65206233,14.1825014
39,9,150.1616637,153.6624865,11.12197549,12.65240454
39,10,150.1599985,153.6608213,9.591878622,11.12230768
39,11,150.1583333,153.6591561,8.06178176,9.592210815
39,12,150.1566681,153.6574909,6.531684898,8.062113952
39,13,150.1550029,153.6558257,5.001588035,6.532017091
39,14,150.1533377,153.6541605,3.471491173,5.001920227
39,15,150.1516725,153.6524953,1.94139431,3.471823365
39,16,150.1500073,153.65083,0.411297448,1.941736516
40,1,154.1590357,157.6598584,23.36312658,24.89356565
40,2,154.1573705,157.6581932,21.83302972,23.36346878
40,3,154.1557053,157.656528,20.30293285,21.83337192
40,4,154.1540401,157.6548628,18.77283599,20.30327506
40,5,154.1523749,157.6531976,17.24273913,18.7731782
40,6,154.1507096,157.6515324,15.71264226,17.24308133
40,7,154.1490444,157.6498672,14.1825454,15.71298447
40,8,154.1473692,157.648202,12.65244845,14.18288761
40,9,154.145704,157.6465367,11.12235159,12.65279075
40,10,154.1440387,157.6448715,9.592264736,11.12269388
40,11,154.1423735,157.6431963,8.062167877,9.592596931
40,12,154.1407083,157.6415311,6.532071013,8.062500068
40,13,154.1390431,157.6398659,5.001974151,6.532403206
40,14,154.1373779,157.6382007,3.471877287,5.002306344
40,15,154.1357127,157.6365355,1.941780424,3.472209481
40,16,154.1340475,157.6348703,0.411683563,1.942112619
41,1,158.1430759,161.6438986,23.36351269,24.89395176
41,2,158.1414107,161.6422334,21.83341583,23.3638549
41,3,158.1397455,161.6405682,20.30331897,21.83375804
41,4,158.1380803,161.638903,18.77322211,20.30366117
41,5,158.1364151,161.6372378,17.24312524,18.77356431
41,6,158.1347498,161.6355726,15.71302838,17.24346745
41,7,158.1330846,161.6339074,14.18293152,15.71337059
41,8,158.1314194,161.6322422,12.65283466,14.18327372
41,9,158.1297542,161.6305769,11.12273779,12.65317686
41,10,158.128089,161.6289117,9.59264093,11.12308
41,11,158.1264137,161.6272465,8.062553991,9.592983137
41,12,158.1247485,161.6255813,6.532457129,8.062886273
41,13,158.1230833,161.6239161,5.002360267,6.532789412
41,14,158.1214181,161.6222409,3.472263404,5.002692459
41,15,158.1197529,161.6205757,1.942166542,3.472595595
41,16,158.1180877,161.6189105,0.412069679,1.942498735
42,1,162.1271161,165.6279489,23.36389881,24.89432795
42,2,162.1254509,165.6262836,21.83380195,23.36424111
42,3,162.1237857,165.6246184,20.30370508,21.83414424
42,4,162.1221205,165.6229432,18.77360822,20.30404729
42,5,162.1204553,165.621278,17.24351136,18.77395043
42,6,162.11879,165.6196128,15.7134145,17.24385357
42,7,162.1171248,165.6179476,14.18331763,15.7137567
42,8,162.1154596,165.6162824,12.65322077,14.18365984
42,9,162.1137944,165.6146171,11.12312391,12.65356298
42,10,162.1121292,165.6129519,9.593027047,11.12346611
42,11,162.110464,165.6112867,8.062930184,9.593369252
42,12,162.1087988,165.6096215,6.532833321,8.06327239
42,13,162.1071335,165.6079563,5.002746472,6.533175528
42,14,162.1054583,165.6062911,3.47264952,5.003078666
42,15,162.1037931,165.6046259,1.942552657,3.472981802
42,16,162.1021279,165.6029507,0.412455795,1.94288485
43,1,166.1111663,169.6119891,23.36428501,24.89471407
43,2,166.1095011,169.6103239,21.83418815,23.36461721
43,3,166.1078359,169.6086586,20.30409129,21.83453036
43,4,166.1061607,169.6069934,18.77399434,20.3044335
43,5,166.1044955,169.6053282,17.24389747,18.77433663
43,6,166.1028302,169.603663,15.71380061,17.24423977
43,7,166.101165,169.6019878,14.18370375,15.71414282
43,8,166.0994998,169.6003226,12.65360689,14.18404596
43,9,166.0978346,169.5986573,11.12351003,12.65394909
43,10,166.0961694,169.5969921,9.593413162,11.12385223
43,11,166.0945042,169.5953269,8.0633163,9.593755368
43,12,166.092839,169.5936617,6.533219437,8.063658506
43,13,166.0911738,169.5919965,5.003122574,6.533561642
43,14,166.0895085,169.5903313,3.473035726,5.00346478
43,15,166.0878433,169.5886661,1.942938863,3.473367918
43,16,166.0861681,169.5870009,0.41284191,1.943271056
44,1,170.0952065,173.5960293,23.36467113,24.89510019
44,2,170.0935413,173.5943641,21.83457427,23.36500332
44,3,170.0918761,173.5926989,20.30447741,21.83490646
44,4,170.0902109,173.5910337,18.77438054,20.3048096
44,5,170.0885457,173.5893684,17.24428368,18.77472275
44,6,170.0868804,173.5877032,15.71418682,17.24462589
44,7,170.0852052,173.586038,14.18408987,15.71452902
44,8,170.08354,173.5843728,12.653993,14.18443216
44,9,170.0818748,173.5826975,11.12389614,12.65433521
44,10,170.0802096,173.5810323,9.593799278,11.12423835
44,11,170.0785444,173.5793671,8.063702414,9.594141483
44,12,170.0768792,173.5777019,6.533605553,8.064044621
44,13,170.075214,173.5760367,5.003508691,6.533947758
44,14,170.0735488,173.5743715,3.473411828,5.003850896
44,15,170.0718835,173.5727063,1.94332498,3.473754033
44,16,170.0702183,173.5710411,0.413228117,1.943657172
45,1,174.0792467,177.5800695,23.36505725,24.8954863
45,2,174.0775815,177.5784043,21.83496038,23.36538944
45,3,174.0759163,177.5767391,20.30486352,21.83529258
45,4,174.0742511,177.5750739,18.77476666,20.30519571
45,5,174.0725859,177.5734087,17.2446698,18.77509885
45,6,174.0709206,177.5717434,15.71457293,17.245012
45,7,174.0692554,177.5700782,14.18447607,15.71491514
45,8,174.0675902,177.5684129,12.65437921,14.18481828
45,9,174.065915,177.5667477,11.12428226,12.65472141
45,10,174.0642498,177.5650825,9.594185393,11.12462455
45,11,174.0625846,177.5634173,8.064088531,9.594527689
45,12,174.0609194,177.5617421,6.533991668,8.064430737
45,13,174.0592542,177.5600769,5.003894806,6.534333875
45,14,174.057589,177.5584117,3.473797944,5.004237012
45,15,174.0559238,177.5567465,1.943701082,3.47414015
45,16,174.0542585,177.5550813,0.41360422,1.944043287
46,1,178.0632869,181.5641197,23.36544336,24.89587251
46,2,178.0616217,181.5624445,21.8353465,23.36577555
46,3,178.0599565,181.5607793,20.30524964,21.83567869
46,4,178.0582913,181.5591141,18.77515277,20.30558183
46,5,178.0566261,181.5574489,17.24505591,18.77548497
46,6,178.0549608,181.5557836,15.71495905,17.2453881
46,7,178.0532956,181.5541184,14.18486219,15.71530126
46,8,178.0516304,181.5524531,12.65476532,14.18520439
46,9,178.0499652,181.5507879,11.12466846,12.65510753
46,10,178.0483,181.5491227,9.594571598,11.12501067
46,11,178.0466348,181.5474575,8.064474737,9.594913805
46,12,178.0449596,181.5457923,6.534377784,8.064816942
46,13,178.0432944,181.5441271,5.004280922,6.534720082
46,14,178.0416292,181.5424519,3.474184059,5.004623128
46,15,178.039964,181.5407867,1.944087198,3.474526265
46,16,178.0382987,181.5391215,0.413990334,1.944429403
47,1,182.0473371,185.5481599,23.36582957,24.89625862
47,2,182.0456619,185.5464947,21.83573262,23.36616176
47,3,182.0439967,185.5448295,20.30563575,21.8360649
47,4,182.0423315,185.5431643,18.77553889,20.30596804
47,5,182.0406663,185.5414891,17.24544203,18.77587108
47,6,182.039001,185.5398239,15.71534516,17.24577422
47,7,182.0373358,185.5381586,14.1852483,15.71567736
47,8,182.0356706,185.5364934,12.65515144,14.1855805
47,9,182.0340054,185.5348281,11.12505458,12.65549365
47,10,182.0323402,185.5331629,9.594957715,11.12539678
47,11,182.030675,185.5314977,8.064860852,9.595299921
47,12,182.0290098,185.5298325,6.53476399,8.065203059
47,13,182.0273446,185.5281673,5.004667128,6.535106196
47,14,182.0256694,185.5265021,3.474570175,5.005009334
47,15,182.0240042,185.5248369,1.944473313,3.474912471
47,16,182.0223389,185.5231717,0.41437645,1.944815609
48,1,186.0313774,189.5322001,23.36620567,24.89664474
48,2,186.0297121,189.5305349,21.83611882,23.36654788
48,3,186.0280469,189.5288697,20.30602196,21.83645101
48,4,186.0263817,189.5272045,18.7759251,20.30635415
48,5,186.0247065,189.5255393,17.24582814,18.77625729
48,6,186.0230412,189.523874,15.71573128,17.24616043
48,7,186.021376,189.5221988,14.18563442,15.71606347
48,8,186.0197108,189.5205336,12.65553756,14.18596661
48,9,186.0180456,189.5188684,11.12544069,12.65586975
48,10,186.0163804,189.5172031,9.595343831,11.1257829
48,11,186.0147152,189.5155379,8.065246969,9.595686036
48,12,186.01305,189.5138727,6.535150107,8.065589174
48,13,186.0113848,189.5122075,5.005053243,6.535492313
48,14,186.0097196,189.5105423,3.474956381,5.00539545
48,15,186.0080543,189.5088771,1.94485952,3.475298587
48,16,186.0063891,189.5072119,0.414762657,1.945201724
49,1,190.0154176,193.5162403,23.36659179,24.89703085
49,2,190.0137524,193.5145751,21.83649492,23.36693399
49,3,190.0120871,193.5129099,20.30640807,21.83683713
49,4,190.0104219,193.5112447,18.77631121,20.30674027
49,5,190.0087567,193.5095795,17.24621435,18.7766434
49,6,190.0070914,193.5079142,15.71611749,17.24654654
49,7,190.0054162,193.506249,14.18602053,15.71644968
49,8,190.003751,193.5045838,12.65592367,14.18635282
49,9,190.0020858,193.5029186,11.12582681,12.65625595
49,10,190.0004206,193.5012434,9.595729946,11.126159
49,11,189.9987554,193.4995781,8.065633085,9.596072153
49,12,189.9970902,193.4979129,6.53553622,8.065975291
49,13,189.995425,193.4962477,5.005439359,6.535878429
49,14,189.9937598,193.4945825,3.475342496,5.005781565
49,15,189.9920946,193.4929173,1.945245634,3.475684702
49,16,189.9904293,193.4912521,0.415148772,1.94558784
50,1,193.9994578,197.5002805,23.3669779,24.89741697
50,2,193.9977926,197.4986153,21.83688104,23.36732011
50,3,193.9961274,197.4969501,20.30678418,21.83722324
50,4,193.9944621,197.4952849,18.77668731,20.30712638
50,5,193.9927969,197.4936197,17.24660046,18.77702952
50,6,193.9911316,197.4919544,15.7165036,17.24693266
50,7,193.9894664,197.4902892,14.18640674,15.71683579
50,8,193.9878012,197.488624,12.65630988,14.18673893
50,9,193.986136,197.4869588,11.12621301,12.65664207
50,10,193.9844608,197.4852936,9.596116062,11.12654521
50,11,193.9827956,197.4836284,8.066019201,9.596448345
50,12,193.9811304,197.4819632,6.535922338,8.066351483
50,13,193.9794652,197.4802879,5.005825475,6.536264543
50,14,193.9778,197.4786227,3.475728613,5.006167681
50,15,193.9761348,197.4769575,1.94563175,3.476070818
50,16,193.9744695,197.4752923,0.415534888,1.945973956
51,1,197.983498,201.4843307,23.36736402,24.89780318
51,2,197.9818328,201.4826655,21.83726715,23.36770631
51,3,197.9801676,201.4809903,20.30717029,21.83760936
51,4,197.9785023,201.4793251,18.77707343,20.3075125
51,5,197.9768371,201.4776599,17.24697657,18.77741564
51,6,197.9751718,201.4759946,15.71688972,17.24731877
51,7,197.9735066,201.4743294,14.18679286,15.71722191
51,8,197.9718414,201.4726642,12.65669599,14.18712505
51,9,197.9701762,201.470999,11.12659913,12.65702819
51,10,197.968511,201.4693338,9.596502268,11.12693132
51,11,197.9668458,201.4676686,8.066405406,9.596834461
51,12,197.9651806,201.4660034,6.536308543,8.066737598
51,13,197.9635054,201.4643382,5.006211591,6.536640735
51,14,197.9618402,201.4626729,3.476114728,5.006553886
51,15,197.960175,201.4609977,1.946017865,3.476456934
51,16,197.9585097,201.4593325,0.415921004,1.946360071
52,1,201.9675482,205.4683709,23.36775022,24.89818929
52,2,201.965883,205.4667057,21.83765336,23.36809243
52,3,201.9642078,205.4650405,20.30755641,21.83799557
52,4,201.9625425,205.4633753,18.77745955,20.3078987
52,5,201.9608773,205.4617101,17.24736268,18.77780184
52,6,201.9592121,205.4600348,15.71726582,17.24770489
52,7,201.9575469,205.4583696,14.18716896,15.71760803
52,8,201.9558816,205.4567044,12.65708211,14.18751116
52,9,201.9542164,205.4550392,11.12698525,12.6574143
52,10,201.9525512,205.453374,9.596888384,11.12731744
52,11,201.950886,205.4517088,8.066791522,9.597220577
52,12,201.9492208,205.4500436,6.536694659,8.067123714
52,13,201.9475556,205.4483784,5.006597797,6.537026852
52,14,201.9458904,205.4467132,3.476500934,5.006929989
52,15,201.9442151,205.445048,1.946403982,3.476833127
52,16,201.9425499,205.4433827,0.41630712,1.946746276
53,1,205.9515884,209.4524111,23.36813634,24.89857541
53,2,205.9499232,209.4507459,21.83803948,23.36847854
53,3,205.9482579,209.4490807,20.30794261,21.83838168
53,4,205.9465927,209.4474155,18.77784575,20.30828482
53,5,205.9449275,209.4457503,17.24774889,18.77818796
53,6,205.9432523,209.444085,15.71765194,17.24809109
53,7,205.9415871,209.4424198,14.18755507,15.71799423
53,8,205.9399219,209.4407446,12.65745821,14.18789728
53,9,205.9382566,209.4390794,11.12737136,12.65780042
53,10,205.9365914,209.4374142,9.5972745,11.12770356
53,11,205.9349262,209.435749,8.067177637,9.597606692
53,12,205.933261,209.4340838,6.537080774,8.06750983
53,13,205.9315958,209.4324186,5.006983912,6.537412968
53,14,205.9299306,209.4307534,3.47688705,5.007316104
53,15,205.9282653,209.4290882,1.946790187,3.477219243
53,16,205.9266001,209.4274229,0.416693325,1.94712238
54,1,209.9356286,213.4364513,23.36852245,24.89896152
54,2,209.9339634,213.4347861,21.83842559,23.36886466
54,3,209.9322981,213.4331209,20.30832873,21.8387678
54,4,209.9306329,213.4314557,18.77823187,20.30867094
54,5,209.9289677,213.4297905,17.248135,18.77857407
54,6,209.9273025,213.4281252,15.71803814,17.24847721
54,7,209.9256373,213.42646,14.18794128,15.71838035
54,8,209.9239621,213.4247948,12.65784433,14.18828349
54,9,209.9222969,213.4231296,11.12774747,12.65818662
54,10,209.9206316,213.4214644,9.597660616,11.12808976
54,11,209.9189664,213.4197892,8.067563753,9.597992807
54,12,209.9173012,213.418124,6.537466891,8.067895945
54,13,209.915636,213.4164588,5.007370028,6.537799083
54,14,209.9139708,213.4147936,3.477273165,5.007702221
54,15,209.9123055,213.4131284,1.947176303,3.477605359
54,16,209.9106403,213.4114631,0.417079441,1.947508496
55,1,231.5581269,235.0589516,23.28044311,24.81083394
55,2,231.556461,235.0572856,21.75038261,23.28078345
55,3,231.554795,235.0556197,20.22032211,21.75072295
55,4,231.5531191,235.0539537,18.69026151,20.22066245
55,5,231.5514531,235.0522878,17.16020101,18.69060195
55,6,231.5497872,235.0506218,15.63014051,17.16054144
55,7,231.5481212,235.0489458,14.10008001,15.63048085
55,8,231.5464553,235.0472799,12.5700195,14.10042035
55,9,231.5447893,235.0456139,11.039959,12.57035984
55,10,231.5431233,235.043948,9.509898498,11.04029934
55,11,231.5414574,235.042282,7.979837995,9.51023884
55,12,231.5397914,235.0406161,6.449777492,7.980178336
55,13,231.5381254,235.0389501,4.919727002,6.450117834
55,14,231.5364594,235.0372842,3.3896665,4.920057332
55,15,231.5347935,235.0356182,1.859605996,3.389996828
55,16,231.5331275,235.0339522,0.329545494,1.859936325
56,1,235.5421685,239.0429932,23.28082711,24.81121794
56,2,235.5405025,239.0413272,21.7507666,23.28115743
56,3,235.5388365,239.0396612,20.2207061,21.75110695
56,4,235.5371706,239.0379952,18.6906456,20.22104644
56,5,235.5355046,239.0363293,17.1605851,18.69098594
56,6,235.5338387,239.0346633,15.63052459,17.16092544
56,7,235.5321627,239.0329974,14.100464,15.63086493
56,8,235.5304968,239.0313314,12.5704035,14.10080443
56,9,235.5288308,239.0296655,11.04034299,12.57074393
56,10,235.5271649,239.0279895,9.510282492,11.04068334
56,11,235.5254989,239.0263235,7.980221988,9.510622833
56,12,235.523833,239.0246576,6.450161485,7.98056233
56,13,235.522167,239.0229916,4.920100983,6.450501827
56,14,235.520501,239.0213257,3.390050493,4.920441324
56,15,235.518835,239.0196597,1.859989991,3.390380822
56,16,235.5171691,239.0179938,0.329929488,1.86032032
57,1,239.52621,243.0270347,23.2812111,24.81160193
57,2,239.524544,243.0253687,21.7511506,23.28154143
57,3,239.5228781,243.0237028,20.22109009,21.75148093
57,4,239.5212121,243.0220368,18.69102959,20.22142042
57,5,239.5195462,243.0203708,17.16096909,18.69136993
57,6,239.5178802,243.0187048,15.63090859,17.16130943
57,7,239.5162142,243.0170389,14.10084808,15.63124893
57,8,239.5145483,243.0153729,12.57078758,14.10118842
57,9,239.5128823,243.013707,11.04072708,12.57112792
57,10,239.5112064,243.012041,9.510666484,11.04106742
57,11,239.5095404,243.0103751,7.980605982,9.511006917
57,12,239.5078745,243.0086991,6.45054548,7.980946325
57,13,239.5062085,243.0070332,4.920484977,6.450885821
57,14,239.5045426,243.0053672,3.390424474,4.920825319
57,15,239.5028765,243.0037012,1.860373984,3.390764816
57,16,239.5012106,243.0020353,0.330313482,1.860704313
58,1,243.5102515,247.0110862,23.28159509,24.81198601
58,2,243.5085855,247.0094203,21.75153459,23.28192551
58,3,243.5069196,247.0077443,20.22147409,21.75186492
58,4,243.5052536,247.0060783,18.69141358,20.22180442
58,5,243.5035877,247.0044124,17.16135308,18.69174391
58,6,243.5019217,247.0027464,15.63129258,17.16169342
58,7,243.5002558,247.0010804,14.10123208,15.63163292
58,8,243.4985898,246.9994145,12.57117157,14.10157242
58,9,243.4969239,246.9977485,11.04111107,12.57151192
58,10,243.4952579,246.9960825,9.511050568,11.04145141
58,11,243.493592,246.9944166,7.980990066,9.51139091
58,12,243.491916,246.9927506,6.450929473,7.981330408
58,13,243.49025,246.9910847,4.92086897,6.451269905
58,14,243.4885841,246.9894187,3.390808468,4.921209402
58,15,243.4869181,246.9877428,1.860747964,3.391148809
58,16,243.4852522,246.9860768,0.330687463,1.861088307
59,1,247.494303,250.9951277,23.28197917,24.81237001
59,2,247.4926371,250.9934618,21.75191867,23.2823095
59,3,247.4909611,250.9917958,20.22185808,21.752249
59,4,247.4892952,250.9901299,18.69179758,20.2221885
59,5,247.4876292,250.9884539,17.16173707,18.69212791
59,6,247.4859632,250.986788,15.63167657,17.1620674
59,7,247.4842973,250.9851219,14.10161607,15.63201691
59,8,247.4826313,250.983456,12.57155557,14.10195641
59,9,247.4809654,250.98179,11.04149506,12.57189591
59,10,247.4792994,250.9801241,9.511434562,11.04183541
59,11,247.4776335,250.9784581,7.981374059,9.511774903
59,12,247.4759675,250.9767922,6.451313556,7.9817144
59,13,247.4743016,250.9751262,4.921253054,6.451653898
59,14,247.4726356,250.9734602,3.391192551,4.921593395
59,15,247.4709597,250.9717943,1.861131959,3.391532893
59,16,247.4692937,250.9701283,0.331071456,1.861472391
60,1,251.4783445,254.9791693,23.28236317,24.812754
60,2,251.4766786,254.9775033,21.75230267,23.2826935
60,3,251.4750126,254.9758373,20.22224216,21.75263299
60,4,251.4733467,254.9741714,18.69218166,20.22257249
60,5,251.4716707,254.9725054,17.16212107,18.69251199
60,6,251.4700048,254.9708395,15.63206057,17.16245149
60,7,251.4683388,254.9691735,14.10200006,15.63239098
60,8,251.4666729,254.9674976,12.57193956,14.10233039
60,9,251.4650069,254.9658315,11.04187906,12.5722799
60,10,251.463341,254.9641656,9.511818555,11.0422194
60,11,251.461675,254.9624996,7.981758053,9.512158897
60,12,251.460009,254.9608337,6.45169755,7.982098394
60,13,251.4583431,254.9591677,4.921637047,6.452037892
60,14,251.4566771,254.9575018,3.391576546,4.92197739
60,15,251.4550112,254.9558358,1.861516042,3.391916887
60,16,251.4533452,254.9541699,0.331455539,1.861856385
61,1,255.4623861,258.9632108,23.28273715,24.81313799
61,2,255.4607201,258.9615448,21.75268666,23.28307749
61,3,255.4590542,258.9598789,20.22262616,21.75301699
61,4,255.4573882,258.9582129,18.69256565,20.22295648
61,5,255.4557222,258.956547,17.16250515,18.69289598
61,6,255.4540563,258.954881,15.63244465,17.16283548
61,7,255.4523903,258.953215,14.10238415,15.63277498
61,8,255.4507144,258.9515491,12.57232355,14.10271447
61,9,255.4490484,258.9498831,11.04226305,12.57265397
61,10,255.4473825,258.9482071,9.512202549,11.04260339
61,11,255.4457165,258.9465411,7.982142046,9.512542891
61,12,255.4440506,258.9448752,6.452081544,7.982482388
61,13,255.4423846,258.9432092,4.922021041,6.452421885
61,14,255.4407187,258.9415433,3.391960539,4.922361383
61,15,255.4390527,258.9398773,1.861900036,3.39230088
61,16,255.4373867,258.9382114,0.331839533,1.862240379
62,1,259.4464277,262.9472523,23.28312114,24.81352199
62,2,259.4447617,262.9455863,21.75306064,23.28346148
62,3,259.4430958,262.9439204,20.22300014,21.75340098
62,4,259.4414297,262.9422544,18.69294965,20.22334048
62,5,259.4397638,262.9405885,17.16288914,18.69327998
62,6,259.4380978,262.9389225,15.63282864,17.16321947
62,7,259.4364319,262.9372566,14.10276814,15.63315897
62,8,259.4347659,262.9355906,12.57270764,14.10309847
62,9,259.4331,262.9339247,11.04264713,12.57303797
62,10,259.431424,262.9322587,9.512586542,11.04297746
62,11,259.429758,262.9305927,7.98252604,9.512916961
62,12,259.4280921,262.9289267,6.452465537,7.982866471
62,13,259.4264261,262.9272508,4.922405033,6.452805879
62,14,259.4247602,262.9255848,3.392344533,4.922745376
62,15,259.4230942,262.9239189,1.86228403,3.392684874
62,16,259.4214283,262.9222529,0.332223527,1.862624371
63,1,263.4304692,266.9313038,23.28350513,24.81390607
63,2,263.4288032,266.9296379,21.75344463,23.28384557
63,3,263.4271373,266.9279619,20.22338413,21.75378497
63,4,263.4254713,266.926296,18.69332363,20.22372447
63,5,263.4238053,266.92463,17.16327314,18.69366397
63,6,263.4221393,266.922964,15.63321264,17.16360347
63,7,263.4204734,266.9212981,14.10315213,15.63354296
63,8,263.4188074,266.9196321,12.57309163,14.10348246
63,9,263.4171415,266.9179662,11.04303113,12.57342196
63,10,263.4154755,266.9163002,9.512970625,11.04336146
63,11,263.4138096,266.9146343,7.982910123,9.513300954
63,12,263.4121436,266.9129683,6.452849622,7.983240452
63,13,263.4104677,266.9113023,4.922789029,6.453189963
63,14,263.4088017,266.9096363,3.392728527,4.92312946
63,15,263.4071357,266.9079704,1.862668023,3.393068958
63,16,263.4054698,266.9062944,0.332607521,1.863008365
64,1,267.4145207,270.9153453,23.28388922,24.81429006
64,2,267.4128548,270.9136794,21.75382872,23.28422956
64,3,267.4111788,270.9120134,20.22376812,21.75416906
64,4,267.4095128,270.9103475,18.69370762,20.22410855
64,5,267.4078469,270.9086815,17.16364712,18.69404805
64,6,267.4061809,270.9070056,15.63359663,17.16398746
64,7,267.4045149,270.9053396,14.10353613,15.63392696
64,8,267.4028489,270.9036737,12.57347562,14.10386645
64,9,267.401183,270.9020077,11.04341512,12.57380595
64,10,267.399517,270.9003417,9.513354619,11.04374545
64,11,267.3978511,270.8986758,7.983294117,9.513684948
64,12,267.3961851,270.8970098,6.453233615,7.983624445
64,13,267.3945192,270.8953439,4.923173112,6.453563943
64,14,267.3928532,270.8936779,3.39311261,4.923513454
64,15,267.3911873,270.8920119,1.863052107,3.393452952
64,16,267.3895113,270.8903459,0.332991515,1.86339245
65,1,271.3985622,274.8993869,23.28427321,24.81467405
65,2,271.3968963,274.8977209,21.75421271,23.28461355
65,3,271.3952303,274.896055,20.22415221,21.75455305
65,4,271.3935644,274.894389,18.6940917,20.22449255
65,5,271.3918984,274.892723,17.1640312,18.69443205
65,6,271.3902225,274.8910571,15.63397061,17.16437154
65,7,271.3885565,274.8893911,14.10391011,15.63431104
65,8,271.3868905,274.8877252,12.57385962,14.10425054
65,9,271.3852245,274.8860492,11.04379912,12.57418995
65,10,271.3835586,274.8843833,9.513738613,11.04412944
65,11,271.3818926,274.8827173,7.983678111,9.514068941
65,12,271.3802267,274.8810514,6.453617607,7.984008439
65,13,271.3785607,274.8793854,4.923557105,6.453947937
65,14,271.3768947,274.8777195,3.393496603,4.923887434
65,15,271.3752288,274.8760535,1.863436101,3.393826932
65,16,271.3735628,274.8743875,0.333375598,1.863776442
66,1,275.3826038,278.8834284,23.2846572,24.81505805
66,2,275.3809378,278.8817624,21.7545967,23.28499754
66,3,275.3792718,278.8800965,20.2245362,21.75493704
66,4,275.3776059,278.8784305,18.6944757,20.22487654
66,5,275.3759399,278.8767646,17.16441519,18.69481604
66,6,275.374274,278.8750986,15.63435469,17.16475554
66,7,275.372608,278.8734327,14.10429419,15.63469503
66,8,275.3709421,278.8717667,12.57423369,14.10463453
66,9,275.369266,278.8701007,11.04418311,12.57457403
66,10,275.3676001,278.8684348,9.514122605,11.04451353
66,11,275.3659341,278.8667588,7.984062104,9.514452935
66,12,275.3642682,278.8650929,6.454001601,7.984392431
66,13,275.3626022,278.8634269,4.923941099,6.454331931
66,14,275.3609363,278.861761,3.393880597,4.924271429
66,15,275.3592703,278.860095,1.863820095,3.394210926
66,16,275.3576044,278.8584291,0.333759592,1.864150423
67,1,279.3666453,282.8674799,23.2850412,24.81544213
67,2,279.3649793,282.865804,21.75498069,23.28538154
67,3,279.3633134,282.864138,20.22492019,21.75532104
67,4,279.3616474,282.862472,18.69485969,20.22526053
67,5,279.3599815,282.8608061,17.16479919,18.69520003
67,6,279.3583155,282.8591401,15.63473869,17.16513953
67,7,279.3566495,282.8574742,14.10467818,15.63507903
67,8,279.3549836,282.8558082,12.57461768,14.10501853
67,9,279.3533176,282.8541423,11.04455718,12.57495802
67,10,279.3516516,282.8524763,9.514506689,11.04489752
67,11,279.3499756,282.8508104,7.984446098,9.514837018
67,12,279.3483097,282.8491444,6.454385595,7.984776516
67,13,279.3466437,282.8474784,4.924325092,6.454716014
67,14,279.3449778,282.8458025,3.39426459,4.924655422
67,15,279.3433118,282.8441365,1.864204089,3.394594919
67,16,279.3416459,282.8424706,0.334143587,1.864534417
68,1,283.3506968,286.8515214,23.28542528,24.81582612
68,2,283.3490208,286.8498555,21.75536469,23.28576562
68,3,283.3473549,286.8481895,20.22530419,21.75570512
68,4,283.3456889,286.8465136,18.69524368,20.22564453
68,5,283.344023,286.8448476,17.16518318,18.69558403
68,6,283.342357,286.8431817,15.63512268,17.16552352
68,7,283.3406911,286.8415157,14.10506218,15.63546302
68,8,283.3390251,286.8398497,12.57500167,14.10540252
68,9,283.3373592,286.8381838,11.04494117,12.57534202
68,10,283.3356932,286.8365178,9.514880671,11.04528151
68,11,283.3340272,286.8348519,7.984820168,9.515221012
68,12,283.3323612,286.8331859,6.454769679,7.98516051
68,13,283.3306953,286.83152,4.924709176,6.455100007
68,14,283.3290193,286.829854,3.394648585,4.925039506
68,15,283.3273534,286.8281881,1.864588082,3.394979003
68,16,283.3256874,286.8265121,0.33452758,1.864918411
69,1,287.3347383,290.835563,23.28580927,24.8162001
69,2,287.3330724,290.833897,21.75574877,23.28614961
69,3,287.3314064,290.832231,20.22568827,21.75608911
69,4,287.3297305,290.8305651,18.69562768,20.22602861
69,5,287.3280645,290.8288991,17.16556717,18.69596811
69,6,287.3263985,290.8272332,15.63550667,17.16590761
69,7,287.3247326,290.8255572,14.10544617,15.63584701
69,8,287.3230666,290.8238913,12.57538567,14.10578651
69,9,287.3214007,290.8222253,11.04532517,12.57572601
69,10,287.3197347,290.8205594,9.515264663,11.04566551
69,11,287.3180688,290.8188934,7.985204161,9.515605005
69,12,287.3164028,290.8172274,6.45514366,7.985544503
69,13,287.3147368,290.8155615,4.92509317,6.455484001
69,14,287.3130708,290.8138955,3.395032668,4.925423499
69,15,287.3114049,290.8122296,1.864972166,3.395362996
69,16,287.3097289,290.8105636,0.334911574,1.865302495
70,1,291.3187798,294.8196045,23.28619327,24.8165841
70,2,291.3171139,294.8179386,21.75613276,23.28652359
70,3,291.3154479,294.8162726,20.22607226,21.75646309
70,4,291.313782,294.8146066,18.69601176,20.2264126
70,5,291.312116,294.8129407,17.16595126,18.6963521
70,6,291.3104501,294.8112747,15.63589076,17.1662916
70,7,291.3087741,294.8096087,14.10583016,15.6362311
70,8,291.3071082,294.8079428,12.57576966,14.1061706
70,9,291.3054422,294.8062668,11.04570916,12.57611
70,10,291.3037762,294.8046009,9.515648658,11.0460495
70,11,291.3021103,294.8029349,7.985588154,9.515988999
70,12,291.3004443,294.801269,6.455527653,7.985928497
70,13,291.2987784,294.799603,4.925467149,6.455867994
70,14,291.2971124,294.7979371,3.395406648,4.925807493
70,15,291.2954464,294.7962711,1.865356159,3.39574699
70,16,291.2937804,294.7946051,0.335295657,1.86568649
71,1,295.3028214,298.8036461,23.28657726,24.81696809
71,2,295.3011554,298.8019801,21.75651676,23.28690759
71,3,295.2994895,298.8003142,20.22645625,21.75684709
71,4,295.2978235,298.7986482,18.69639575,20.22678658
71,5,295.2961575,298.7969822,17.16633525,18.69673609
71,6,295.2944916,298.7953162,15.63627475,17.16667559
71,7,295.2928256,298.7936503,14.10621425,15.63661509
71,8,295.2911597,298.7919843,12.57615375,14.10655459
71,9,295.2894837,298.7903184,11.04609315,12.57649409
71,10,295.2878178,298.7886524,9.51603265,11.04643358
71,11,295.2861518,298.7869864,7.985972149,9.516373083
71,12,295.2844859,298.7853105,6.455911647,7.98631249
71,13,295.2828199,298.7836445,4.925851144,6.456251988
71,14,295.2811539,298.7819786,3.395790642,4.926191487
71,15,295.279488,298.7803126,1.86573014,3.396130985
71,16,295.277822,298.7786467,0.335679651,1.866070482
72,1,299.2868629,302.7876976,23.28696125,24.81735217
72,2,299.2851969,302.7860316,21.75690075,23.28729167
72,3,299.283531,302.7843557,20.22684025,21.75723108
72,4,299.281865,302.7826897,18.69677975,20.22717058
72,5,299.2801991,302.7810238,17.16671924,18.69711007
72,6,299.2785331,302.7793577,15.63665874,17.16705959
72,7,299.2768672,302.7776918,14.10659824,15.63699909
72,8,299.2752012,302.7760258,12.57653774,14.10693858
72,9,299.2735352,302.7743599,11.04647724,12.57687808
72,10,299.2718693,302.7726939,9.516416734,11.04681758
72,11,299.2702033,302.771028,7.986356232,9.516757076
72,12,299.2685274,302.769362,6.45629564,7.986696573
72,13,299.2668614,302.7676961,4.926235138,6.456636073
72,14,299.2651955,302.7660301,3.396174637,4.92657557
72,15,299.2635295,302.7643541,1.866114132,3.396514977
72,16,299.2618636,302.7626882,0.336053632,1.866454476
73,1,303.2709144,306.7717391,23.28734534,24.81773617
73,2,303.2692385,306.7700732,21.75728474,23.28767566
73,3,303.2675725,306.7684072,20.22722424,21.75761516
73,4,303.2659065,306.7667412,18.69716374,20.22755466
73,5,303.2642406,306.7650653,17.16710324,18.69749407
73,6,303.2625746,306.7633993,15.63704273,17.16743357
73,7,303.2609087,306.7617334,14.10698223,15.63737306
73,8,303.2592427,306.7600674,12.57692173,14.10732258
73,9,303.2575768,306.7584014,11.04686123,12.57726207
73,10,303.2559108,306.7567354,9.516800728,11.04720157
73,11,303.2542449,306.7550695,7.986740226,9.51714107
73,12,303.2525789,306.7534035,6.456679724,7.987080567
73,13,303.2509129,306.7517376,4.926619222,6.457020066
73,14,303.249247,306.7500716,3.396558718,4.926959564
73,15,303.247571,306.7484057,1.866498128,3.396899062
73,16,303.2459051,306.7467397,0.336437626,1.86683856
74,1,307.2549559,310.7557806,23.28772933,24.81812016
74,2,307.25329,310.7541147,21.75766883,23.28805966
74,3,307.251624,310.7524487,20.22760832,21.75799915
74,4,307.2499581,310.7507828,18.69754782,20.22793865
74,5,307.2482821,310.7491168,17.16748723,18.69787815
74,6,307.2466162,310.7474509,15.63742673,17.16781765
74,7,307.2449502,310.7457849,14.10736623,15.63775715
74,8,307.2432842,310.744109,12.57730572,14.10769656
74,9,307.2416183,310.7424429,11.04724522,12.57764607
74,10,307.2399523,310.740777,9.517184721,11.04758556
74,11,307.2382864,310.739111,7.98712422,9.517525064
74,12,307.2366204,310.7374451,6.457063717,7.987464561
74,13,307.2349545,310.7357791,4.927003215,6.457404059
74,14,307.2332885,310.7341131,3.396942714,4.927343558
74,15,307.2316226,310.7324472,1.866882211,3.397283056
74,16,307.2299566,310.7307812,0.33682171,1.867222554
75,1,311.2389975,314.7398222,23.28810331,24.81850415
75,2,311.2373316,314.7381562,21.75804281,23.28844365
75,3,311.2356655,314.7364902,20.22799232,21.75838315
75,4,311.2339996,314.7348243,18.69793181,20.22832265
75,5,311.2323336,314.7331583,17.16787131,18.69826214
75,6,311.2306677,314.7314924,15.63781081,17.16820164
75,7,311.2290017,314.7298264,14.10775031,15.63814114
75,8,311.2273258,314.7281605,12.57768972,14.10808064
75,9,311.2256598,314.7264945,11.04762922,12.57802014
75,10,311.2239939,314.7248186,9.517568714,11.04795954
75,11,311.2223279,314.7231525,7.987508213,9.517909056
75,12,311.2206619,314.7214866,6.45744771,7.987848555
75,13,311.218996,314.7198206,4.927387209,6.457788053
75,14,311.21733,314.7181547,3.397326707,4.92772755
75,15,311.2156641,314.7164887,1.867266205,3.397667048
75,16,311.2139981,314.7148228,0.337205702,1.867606547
76,1,315.223039,318.7238637,23.2884873,24.81888814
76,2,315.2213731,318.7221977,21.7584268,23.28882764
76,3,315.2197071,318.7205318,20.2283663,21.75876714
76,4,315.2180411,318.7188658,18.69831581,20.22870664
76,5,315.2163751,318.7171999,17.16825531,18.69864614
76,6,315.2147092,318.7155339,15.63819481,17.16858563
76,7,315.2130432,318.7138679,14.1081343,15.63852513
76,8,315.2113773,318.712202,12.5780738,14.10846463
76,9,315.2097113,318.710536,11.0480133,12.57840413
76,10,315.2080354,318.7088701,9.517952707,11.04834363
76,11,315.2063694,318.7072041,7.987892206,9.518283126
76,12,315.2047035,318.7055381,6.457831706,7.988232638
76,13,315.2030375,318.7038621,4.927771203,6.458172045
76,14,315.2013716,318.7021962,3.3977107,4.928111545
76,15,315.1997056,318.7005302,1.867650199,3.398051043
76,16,315.1980396,318.6988643,0.337589697,1.867990542
77,1,319.2070806,322.7079152,23.28887129,24.81927223
77,2,319.2054146,322.7062492,21.75881079,23.28921173
77,3,319.2037487,322.7045733,20.22875029,21.75915113
77,4,319.2020827,322.7029073,18.69868979,20.22909063
77,5,319.2004167,322.7012414,17.1686393,18.69903013
77,6,319.1987507,322.6995754,15.6385788,17.16896963
77,7,319.1970848,322.6979095,14.1085183,15.63890913
77,8,319.1954188,322.6962435,12.57845779,14.10884862
77,9,319.1937529,322.6945776,11.04839729,12.57878812
77,10,319.1920869,322.6929116,9.518336791,11.04872762
77,11,319.1904209,322.6912457,7.988276289,9.51866712
77,12,319.188755,322.6895797,6.458215787,7.988606618
77,13,319.187079,322.6879137,4.928155196,6.458556129
77,14,319.1854131,322.6862477,3.398094694,4.928495628
77,15,319.1837471,322.6845718,1.868034192,3.398435035
77,16,319.1820812,322.6829058,0.33797369,1.868374535
78,1,323.1911321,326.6919567,23.28925538,24.81965622
78,2,323.1894661,326.6902908,21.75919488,23.28959572
78,3,323.1877902,326.6886248,20.22913428,21.75953522
78,4,323.1861242,326.6869589,18.69907378,20.22947472
78,5,323.1844583,326.6852929,17.16901328,18.69941421
78,6,323.1827923,326.6836169,15.63895278,17.16935362
78,7,323.1811263,326.681951,14.10890229,15.63929312
78,8,323.1794603,326.680285,12.57884179,14.10923262
78,9,323.1777944,326.6786191,11.04878129,12.57917212
78,10,323.1761284,326.6769531,9.518720784,11.04911161
78,11,323.1744625,326.6752872,7.988660283,9.519051114
78,12,323.1727965,326.6736212,6.458599782,7.988990612
78,13,323.1711306,326.6719553,4.928539279,6.45893011
78,14,323.1694646,326.6702893,3.398478779,4.928869609
78,15,323.1677886,326.6686233,1.868418186,3.39881912
78,16,323.1661227,326.6669573,0.338357685,1.868758619
79,1,327.1751736,330.6759982,23.28963937,24.82004021
79,2,327.1735077,330.6743323,21.75957887,23.28997971
79,3,327.1718417,330.6726663,20.22951837,21.75991921
79,4,327.1701757,330.6710004,18.69945787,20.22985871
79,5,327.1685098,330.6693344,17.16939736,18.69979821
79,6,327.1668338,330.6676685,15.63933677,17.16973771
79,7,327.1651679,330.6660025,14.10927627,15.6396772
79,8,327.1635018,330.6643366,12.57922578,14.1096167
79,9,327.1618359,330.6626606,11.04916528,12.57955611
79,10,327.1601699,330.6609947,9.519104779,11.04949561
79,11,327.158504,330.6593287,7.989044277,9.519435107
79,12,327.156838,330.6576627,6.458983775,7.989374606
79,13,327.1551721,330.6559968,4.928923273,6.459314104
79,14,327.1535061,330.6543308,3.398862772,4.929253602
79,15,327.1518402,330.6526649,1.86880227,3.399193101
79,16,327.1501742,330.6509988,0.338741768,1.869142613
80,1,331.1592151,334.6600398,23.29002336,24.82042421
80,2,331.1575492,334.6583738,21.75996286,23.2903637
80,3,331.1558832,334.6567079,20.22990236,21.7603032
80,4,331.1542173,334.6550419,18.69984186,20.2302427
80,5,331.1525513,334.6533759,17.16978136,18.7001822
80,6,331.1508854,334.65171,15.63972085,17.1701217
80,7,331.1492194,334.650044,14.10966035,15.6400612
80,8,331.1475434,334.6483781,12.57959976,14.1100007
80,9,331.1458774,334.6467121,11.04954927,12.57994019
80,10,331.1442115,334.6450462,9.519488772,11.04987969
80,11,331.1425455,334.6433702,7.989428271,9.519819101
80,12,331.1408796,334.6417043,6.459367769,7.989758599
80,13,331.1392136,334.6400383,4.929307267,6.459698098
80,14,331.1375476,334.6383724,3.399246765,4.929637596
80,15,331.1358817,334.6367064,1.869186264,3.399577094
80,16,331.1342157,334.6350404,0.339125763,1.869516594
81,1,335.1432567,338.6440913,23.29040736,24.82080829
81,2,335.1415907,338.6424153,21.76034685,23.2907477
81,3,335.1399247,338.6407494,20.23028635,21.7606872
81,4,335.1382588,338.6390834,18.70022585,20.23062669
81,5,335.1365928,338.6374175,17.17016535,18.70056619
81,6,335.1349269,338.6357515,15.64010485,17.17050569
81,7,335.1332609,338.6340856,14.11004435,15.64044519
81,8,335.131595,338.6324196,12.57998385,14.11038469
81,9,335.129929,338.6307536,11.04992334,12.58032419
81,10,335.1282631,338.6290877,9.519862842,11.05026369
81,11,335.126587,338.6274217,7.989812264,9.520203184
81,12,335.1249211,338.6257558,6.459751762,7.990142681
81,13,335.1232551,338.6240898,4.92969126,6.460082181
81,14,335.1215892,338.6224139,3.399630759,4.930021589
81,15,335.1199232,338.6207479,1.869570257,3.399961088
81,16,335.1182573,338.619082,0.339509756,1.869900586
82,1,339.1273082,342.6281328,23.29079144,24.82119228
82,2,339.1256322,342.6264669,21.76073085,23.29113178
82,3,339.1239663,342.6248009,20.23067035,21.76107128
82,4,339.1223003,342.6231249,18.70060984,20.23101069
82,5,339.1206344,342.621459,17.17054934,18.70095019
82,6,339.1189684,342.619793,15.64048884,17.17088968
82,7,339.1173024,342.6181271,14.11042834,15.64082918
82,8,339.1156365,342.6164611,12.58036784,14.11076868
82,9,339.1139705,342.6147952,11.05030734,12.58070818
82,10,339.1123046,342.6131292,9.520246835,11.05064768
82,11,339.1106386,342.6114633,7.990186335,9.520587178
82,12,339.1089726,342.6097973,6.460135846,7.990526677
82,13,339.1073066,342.6081313,4.930075345,6.460466175
82,14,339.1056307,342.6064654,3.400014753,4.930405673
82,15,339.1039647,342.6047994,1.869954251,3.400345171
82,16,339.1022988,342.6031235,0.339893749,1.87028458
83,1,343.1113497,346.6121744,23.29117543,24.82156626
83,2,343.1096837,346.6105085,21.76111493,23.29150576
83,3,343.1080178,346.6088424,20.23105443,21.76145527
83,4,343.1063418,346.6071765,18.70099384,20.23139477
83,5,343.1046759,346.6055105,17.17093334,18.70133427
83,6,343.1030099,346.6038446,15.64087283,17.17127377
83,7,343.101344,346.6021686,14.11081233,15.64121318
83,8,343.099678,346.6005026,12.58075183,14.11115268
83,9,343.0980121,346.5988367,11.05069133,12.58109217
83,10,343.0963461,346.5971707,9.520630829,11.05103167
83,11,343.0946801,346.5955048,7.990570328,9.52097117
83,12,343.0930142,346.5938388,6.460509826,7.99091067
83,13,343.0913482,346.5921729,4.930449325,6.460850168
83,14,343.0896822,346.5905069,3.400398836,4.930789667
83,15,343.0880162,346.588841,1.870338335,3.400729166
83,16,343.0863403,346.587175,0.340277743,1.870668664
84,1,347.0953912,350.5962159,23.29155942,24.82195025
84,2,347.0937253,350.59455,21.76149892,23.29188975
84,3,347.0920593,350.592884,20.23143842,21.76182925
84,4,347.0903934,350.591218,18.70137792,20.23177876
84,5,347.0887274,350.589552,17.17131742,18.70171826
84,6,347.0870614,350.5878861,15.64125692,17.17165776
84,7,347.0853855,350.5862201,14.11119633,15.64159726
84,8,347.0837195,350.5845542,12.58113583,14.11153676
84,9,347.0820536,350.5828782,11.05107532,12.58147617
84,10,347.0803876,350.5812123,9.521014822,11.05141567
84,11,347.0787217,350.5795463,7.990954321,9.521355165
84,12,347.0770557,350.5778803,6.46089382,7.991294663
84,13,347.0753898,350.5762144,4.930833318,6.461234162
84,14,347.0737238,350.5745484,3.400772816,4.931173661
84,15,347.0720578,350.5728825,1.870722328,3.401113159
84,16,347.0703918,350.5712165,0.340661827,1.871052658
85,1,351.0794327,354.5802575,23.29194342,24.82233425
85,2,351.0777668,354.5785915,21.76188292,23.29227375
85,3,351.0761008,354.5769255,20.23182242,21.76221324
85,4,351.0744349,354.5752596,18.70176191,20.23215274
85,5,351.0727689,354.5735936,17.17170141,18.70209224
85,6,351.071103,354.5719276,15.64164091,17.17204175
85,7,351.069437,354.5702616,14.11158041,15.64198125
85,8,351.0677711,354.5685957,12.58151991,14.11192075
85,9,351.0660951,354.5669297,11.05145932,12.58186025
85,10,351.0644291,354.5652638,9.521398816,11.05179975
85,11,351.0627632,354.5635978,7.991338315,9.521739248
85,12,351.0610972,354.5619219,6.461277813,7.991678657
85,13,351.0594313,354.5602559,4.931217312,6.461618155
85,14,351.0577653,354.55859,3.401156811,4.931557654
85,15,351.0560994,354.556924,1.871096309,3.401497153
85,16,351.0544333,354.5552581,0.341045821,1.87143665
86,1,355.0634743,358.564309,23.29232741,24.82271833
86,2,355.0618083,358.562633,21.76226691,23.29265774
86,3,355.0601424,358.5609671,20.23220641,21.76259724
86,4,355.0584764,358.5593011,18.70214591,20.23253674
86,5,355.0568104,358.5576352,17.17208541,18.70247624
86,6,355.0551445,358.5559692,15.64202491,17.17241573
86,7,355.0534785,358.5543032,14.1119644,15.64236525
86,8,355.0518126,358.5526372,12.5819039,14.11230474
86,9,355.0501466,358.5509713,11.0518434,12.58224424
86,10,355.0484807,358.5493053,9.521782899,11.05218374
86,11,355.0468147,358.5476393,7.991722398,9.522123241
86,12,355.0451388,358.5459734,6.461661807,7.992062741
86,13,355.0434728,358.5443074,4.931601306,6.462002238
86,14,355.0418069,358.5426415,3.401540804,4.931941737
86,15,355.0401409,358.5409655,1.871480303,3.401881146
86,16,355.0384749,358.5392996,0.341419801,1.871820645
87,1,359.0475258,362.5483505,23.29271149,24.82310232
87,2,359.0458498,362.5466845,21.7626509,23.29304182
87,3,359.0441839,362.5450186,20.2325904,21.76298132
87,4,359.0425179,362.5433526,18.7025299,20.23292082
87,5,359.040852,362.5416767,17.1724694,18.70286023
87,6,359.039186,362.5400107,15.6424089,17.17279973
87,7,359.0375201,362.5383448,14.1123484,15.64273923
87,8,359.0358541,362.5366787,12.5822879,14.11268874
87,9,359.0341881,362.5350128,11.05222739,12.58262824
87,10,359.0325222,362.5333468,9.522166893,11.05256774
87,11,359.0308562,362.5316809,7.992106392,9.522507235
87,12,359.0291903,362.5300149,6.46204589,7.992446733
87,13,359.0275243,362.528349,4.93198539,6.462386233
87,14,359.0258484,362.526683,3.401924798,4.93232573
87,15,359.0241824,362.525017,1.871864297,3.40226523
87,16,359.0225165,362.5233511,0.341803795,1.872204728
88,1,363.0315674,366.532392,23.29308547,24.82348632
88,2,363.0299014,366.5307261,21.76303499,23.29342581
88,3,363.0282354,366.5290601,20.23297449,21.76336531
88,4,363.0265694,366.5273942,18.70291398,20.23330481
88,5,363.0248935,366.5257282,17.17285339,18.70324431
88,6,363.0232275,366.5240622,15.64279289,17.17318381
88,7,363.0215616,366.5223963,14.11273239,15.64312331
88,8,363.0198956,366.5207203,12.58267189,14.11306272
88,9,363.0182297,366.5190544,11.05261139,12.58300222
88,10,363.0165637,366.5173883,9.522550887,11.05295173
88,11,363.0148978,366.5157224,7.992490385,9.522891228
88,12,363.0132318,366.5140564,6.462429884,7.992830727
88,13,363.0115658,366.5123905,4.932369382,6.462770226
88,14,363.0098999,366.5107245,3.402308881,4.932709725
88,15,363.0082339,366.5090586,1.87224838,3.402649223
88,16,363.006568,366.5073926,0.342187879,1.872588723
89,1,367.0156089,370.5164335,23.29346947,24.82387031
89,2,367.013943,370.5147676,21.76340897,23.29380981
89,3,367.0122769,370.5131016,20.23335848,21.76374931
89,4,367.010611,370.5114357,18.70329798,20.23368881
89,5,367.008945,370.5097697,17.17323748,18.70362831
89,6,367.0072791,370.5081038,15.64317697,17.1735678
89,7,367.0056131,370.5064378,14.11311647,15.6435073
89,8,367.0039371,370.5047719,12.58305588,14.1134468
89,9,367.0022712,370.5031059,11.05299538,12.5833863
89,10,367.0006052,370.5014299,9.522934879,11.05332571
89,11,366.9989393,370.4997639,7.992874379,9.523275222
89,12,366.9972733,370.498098,6.462813876,7.993214721
89,13,366.9956074,370.496432,4.932753376,6.46315422
89,14,366.9939414,370.494766,3.402692876,4.933093718
89,15,366.9922755,370.4931001,1.872632374,3.403033217
89,16,366.9906095,370.4914341,0.342571873,1.872972716
90,1,370.9996504,374.5004751,23.29385346,24.8242543
90,2,370.9979845,374.4988091,21.76379296,23.2941938
90,3,370.9963185,374.4971432,20.23373246,21.7641333
90,4,370.9946525,374.4954772,18.70368197,20.2340728
90,5,370.9929865,374.4938112,17.17362147,18.7040123
90,6,370.9913206,374.4921453,15.64356097,17.1739518
90,7,370.9896546,374.4904793,14.11350047,15.6438913
90,8,370.9879887,374.4888134,12.58343997,14.1138308
90,9,370.9863227,374.4871474,11.05337946,12.58377029
90,10,370.9846468,374.4854815,9.523318873,11.05370979
90,11,370.9829808,374.4838155,7.993258371,9.523649292
90,12,370.9813148,374.4821495,6.463197871,7.993598805
90,13,370.9796489,374.4804735,4.933137369,6.463538213
90,14,370.9779829,374.4788076,3.403076868,4.933477712
90,15,370.976317,374.4771416,1.873016368,3.403417211
90,16,370.974651,374.4754757,0.342955868,1.87335671
91,1,374.9836919,378.4845266,23.29423745,24.82463838
91,2,374.982026,378.4828606,21.76417695,23.29457788
91,3,374.98036,378.4811847,20.23411645,21.76451729
91,4,374.9786941,378.4795187,18.70405595,20.23445679
91,5,374.9770281,378.4778528,17.17399545,18.70439629
91,6,374.9753621,378.4761868,15.64394496,17.17433579
91,7,374.9736961,378.4745209,14.11388446,15.64427529
91,8,374.9720302,378.4728549,12.58382396,14.11421479
91,9,374.9703642,378.4711889,11.05376346,12.58415429
91,10,374.9686983,378.469523,9.523702956,11.05409379
91,11,374.9670323,378.467857,7.993642455,9.524033285
91,12,374.9653664,378.4661911,6.463581956,7.993972784
91,13,374.9636904,378.4645251,4.933521363,6.463912284
91,14,374.9620245,378.4628591,3.403460862,4.933861796
91,15,374.9603585,378.4611831,1.873400361,3.403801205
91,16,374.9586925,378.4595172,0.34333986,1.873740703
92,1,378.9677435,382.4685681,23.29462154,24.82502238
92,2,378.9660775,382.4669021,21.76456104,23.29496188
92,3,378.9644016,382.4652362,20.23450044,21.76490138
92,4,378.9627356,382.4635702,18.70443994,20.23484088
92,5,378.9610697,382.4619043,17.17437944,18.70478037
92,6,378.9594037,382.4602283,15.64431894,17.17471978
92,7,378.9577377,382.4585624,14.11426845,15.64465928
92,8,378.9560717,382.4568964,12.58420795,14.11459878
92,9,378.9544058,382.4552305,11.05414745,12.58453828
92,10,378.9527398,382.4535645,9.52408695,11.05447778
92,11,378.9510738,382.4518986,7.99402645,9.524417278
92,12,378.9494079,382.4502326,6.463965948,7.994356778
92,13,378.9477419,382.4485666,4.933905447,6.464296277
92,14,378.946076,382.4469007,3.403844945,4.934235776
92,15,378.9444,382.4452347,1.873784355,3.404185288
92,16,378.9427341,382.4435687,0.343723854,1.874124787
93,1,382.951785,386.4526096,23.29500553,24.82540637
93,2,382.950119,386.4509437,21.76494503,23.29534587
93,3,382.9484531,386.4492777,20.23488453,21.76528537
93,4,382.9467871,386.4476118,18.70482402,20.23522487
93,5,382.9451212,386.4459458,17.17476353,18.70516437
93,6,382.9434452,386.4442798,15.64470293,17.17510387
93,7,382.9417793,386.4426139,14.11464243,15.64504337
93,8,382.9401133,386.4409379,12.58458193,14.11498277
93,9,382.9384473,386.439272,11.05453144,12.58492227
93,10,382.9367813,386.437606,9.524470943,11.05486177
93,11,382.9351154,386.4359401,7.994410442,9.524801273
93,12,382.9334494,386.4342741,6.464349942,7.994740771
93,13,382.9317835,386.4326082,4.934289441,6.464680272
93,14,382.9301175,386.4309422,3.40422894,4.93461977
93,15,382.9284515,386.4292763,1.87416844,3.404559269
93,16,382.9267856,386.4276102,0.344107939,1.874508781
94,1,386.9358265,390.4366511,23.29538952,24.82579036
94,2,386.9341606,390.4349852,21.76532902,23.29572986
94,3,386.9324946,390.4333192,20.23526852,21.76566936
94,4,386.9308286,390.4316533,18.70520802,20.23560886
94,5,386.9291627,390.4299873,17.17514752,18.70554836
94,6,386.9274967,390.4283214,15.64508702,17.17548786
94,7,386.9258308,390.4266554,14.11502652,15.64542736
94,8,386.9241548,390.4249895,12.58496593,14.11536686
94,9,386.9224889,390.4233235,11.05490543,12.58530636
94,10,386.9208228,390.4216576,9.524854935,11.05524586
94,11,386.9191569,390.4199816,7.994794437,9.525185266
94,12,386.9174909,390.4183156,6.464733935,7.995124765
94,13,386.915825,390.4166497,4.934673435,6.465064265
94,14,386.914159,390.4149837,3.404612933,4.935003764
94,15,386.9124931,390.4133178,1.874552431,3.404943263
94,16,386.9108271,390.4116518,0.344491932,1.874882762
